<?xml version="1.0" encoding="UTF-8"?>
<!DOCTYPE mapper
        PUBLIC "-//mybatis.org//DTD Mapper 3.0//EN"
        "http://mybatis.org/dtd/mybatis-3-mapper.dtd">
<mapper namespace="com.howling.mapper.UserMapper">
    <select id="selectUserByMap" resultType="com.howling.pojo.User" parameterType="com.howling.pojo.User">
        select * from user
        <where>
            <if test="id!=null">and id=#{id}</if>
            <if test="username!=null">and username=#{username}</if>
            <if test="password!=null">and password=#{password}</if>
            <if test="name!=null">and name=#{name}</if>
        </where>
    </select>
</mapper>
